c55ad615-8a9e-4251-b82b-e7dcec7b09bd,sad
6bfba6ec-db33-4abf-b4f5-010cf03fc863,mellow
c7dd17d1-df98-48e7-b2c8-42a71fde6ddb,mellow
ccfcbd0b-ced1-4733-bcc0-18db8cbba8ad,psychedelic
c4aa99c2-2716-4c24-b936-7b36f9b13260,mellow
c639fe6f-ece5-41d5-bac4-83a9ec315d9d,love
6b2df569-63bc-491b-91da-a58eddbcc5d8,psychedelic
cfdb62e5-a805-43b8-9ae4-a704215eec0d,psychedelic
cf53cce7-4ab1-41e2-8f64-3c9873b6fd75,love
6b9f8e31-cecf-4082-9cf2-3f7735921ed9,mellow
cd3a59d2-df64-4ae7-b8e8-400d577fe7b1,love
cda0f61c-aef3-4100-8d34-3b9487dcfda2,love
68a73e5e-bb59-486f-ad0f-2f1b3c170b08,mellow
c743b2d8-2e28-4d45-b421-8aa6dc009a55,mellow
c45a6342-cf9e-406e-9255-af87b5d767d0,psychedelic
c68e0169-28cd-4cd8-a4ba-3e4414a57d1d,mellow
c835a61b-dcdb-41be-82d8-e52b4a1c8d0b,love
cf0afe0f-7fd7-4cb9-87a1-82a960739c2b,mellow
6be83efe-ec9a-41ac-aa1d-0f9ae0bd568d,love
6c329d2a-d389-46ff-ae5e-1ea49840ec2c,sad
6abdb6ed-45bc-4f21-86b4-de9cbf220ebe,love
6bf6268b-48ef-4d50-93d0-6c458cf86fce,mellow
ce1a643c-e2c5-4be5-8533-9419a4f8b138,sad
61584ec7-75bf-481f-a628-21dc6ea1d5c2,love
695e49a4-798c-4ac9-9e76-783114786796,love
6169adfe-112d-46b9-b6ec-50c4d899c5d9,love
cc09496d-14aa-4d81-a93c-deae8f6bed09,love
ca11bdb5-c3df-4bbe-b6c2-f1acf81d5c2c,love
c6d5c89e-3d3b-4218-838d-b633e1c67de4,sad
c92bf072-ae25-4428-ba67-a2199143f789,psychedelic
6f1a5286-614b-4f8e-898e-d316f5e89380,love
63bc9429-6ae4-4eb9-9a1c-045aa5438489,sad
c2c338c2-c5e1-4f43-b6f7-4fd26e096e5d,love
c890c706-c5f1-43e5-b8ce-608e71cc85bc,love
cab59007-8c61-495d-83e8-e99dd9b82dcf,sad
6cf9b429-c248-4fcb-bb74-2deb764ebad4,love
67caa150-6963-4141-904f-682b03960895,sad
6bce978b-1563-404f-8b62-6c0d1793cb7c,love
c92eebab-a27e-4a66-bfbb-4f66ff18c6a1,psychedelic
cad86013-7dd3-4d5b-9395-b01ba52d02cb,love
63153c20-6eb4-44f7-93d5-a478acc02955,love
cd355f1b-7483-40a0-b8c4-56f67e4b9fbe,psychedelic
c584e6f4-d20a-4af7-a175-2bd1f28cfdb8,psychedelic
cc6239d8-ce22-41ef-9bf8-93f3ac2fab90,love
c26692ee-87d7-4933-bfa9-99c99348e05d,love
ca7aef3e-ed67-4c8c-8443-908fa15094dc,mellow
670a905c-1236-4114-9a6b-26785c8b6457,love
6228eb75-0d10-4b9e-a341-b512acd2bc76,love
cf7e91fd-4d2d-4fee-ae14-b7ea0005b51b,mellow
6d32ce18-9e5d-4219-88a4-e9b6498be644,love
6e3e8844-6ff2-4438-a1f0-fd6927be506c,love
629e6984-0c07-4779-8e1d-44ca1492541b,love
c31ebfdf-8063-4b24-90ce-8139e9c22946,mellow
6c801a3f-3f23-4e41-80a4-e18bca18f0d5,sad
604db205-c0c4-4961-9622-10b7c3e86ff5,sad
c5e898ae-c268-40f0-8bab-01081b107eac,sad
c6a4afb9-9c27-480b-adcf-585631ed9968,love
c1852eef-ccc1-4a40-8594-e3523899310d,sad
61ba4d1c-1e9b-4fb4-8b42-3a69341df088,mellow
6e13a57d-a9a6-41b2-9859-5ea6999be0d3,love
66c0e318-bbf4-4651-89da-83ed0a58e03d,mellow
66503d7a-01c1-4222-9f33-9d02cde62167,love
c5238d6d-9b04-496c-8674-4ea7a07aecd6,love
65ec5853-41ec-43f4-8bf3-16efe0a19d5a,love
691d6272-4ef1-4de8-8025-11abe92f9e64,sad
cb06021c-ee32-4811-93f9-0c9a3c82333d,love
6923215f-a777-4c6c-be54-eabc1e940172,love
c94bfb39-9c5f-4f6e-be09-f536df204771,love
6868a0bc-211c-4bec-9353-d797f2b9fdfc,love
cebc1475-0f27-4654-ad8b-72e29808f0e1,mellow
ca443333-713c-4cbc-ae7b-fba30c4d036f,love
c84b5b63-2bfd-4d76-a490-f0fe4015995b,sad
c8df58fa-800b-4ccd-a8c8-1fe950bff050,love
c2143820-d717-415d-b393-e01b78ca2815,mellow
c1c62801-db44-4954-b4e4-4c145af92e97,mellow
c4671807-d65c-4f79-9694-c4c1421f5165,love
cb9d72f8-0822-47b2-ba4b-424810d1eac2,sad
c1254ae9-b1ee-452a-bade-9f7c726267cf,love
cd3e2292-e5a2-4022-847e-e430fbfe1d81,sad
c443b33a-8d32-42f1-8c21-5bb595af4775,mellow
c12a19fa-a3d2-4b5a-b370-3abe04d3146a,psychedelic
c0a71d30-1aac-4c80-be98-ed1c65b53b63,love
638e482c-0241-4cf2-85e5-54e1d560f475,love
630cfdf8-7412-4582-81e7-1f178e2971ca,love
c232f6c6-5e7c-4d4e-bcc2-71ac86607af1,love
ccae4de9-3e5f-422a-be79-68eb405cb6b5,love
c9dcf3f0-a7cc-45d5-8a3c-904a5da2007b,psychedelic
645d3e32-3408-4180-b72c-f63c82cd5694,psychedelic
61bd2f2a-aff1-4a73-9a78-baeaa0ed3798,mellow
c71f5199-e16a-4c6c-98b7-9a941a4a6542,love
6bd30866-1fae-4e2c-a9f7-c8e4dbfc5261,mellow
c5d66114-ed1c-43bb-b499-a1ce060dd63e,mellow
cb35c6b2-1cb2-4254-8d73-d6641c93e85b,psychedelic
cdb5b974-3213-4390-953f-5944b426fe64,sad
c16cc83e-a051-4a6e-be1b-dfa55d72cbf8,psychedelic
68d32ba0-d0c6-4eb3-88f7-f361b30aa921,sad
c7d935c0-b6aa-4849-9675-e6a3594a9baf,love
cb41ec5a-eca5-4652-922d-0160fafae72f,mellow
ca425971-1a7b-4f3f-b763-0cd43c47f902,mellow
c13e230c-a535-4bfc-9c87-847cf7c35c06,love
ccd948c0-54d6-40ec-81a9-9f1c444ab39f,love
cd260176-894b-49e6-b059-1b4e5704e595,love
c4cdd26f-8bd9-486d-be95-2f62e4ce1960,psychedelic
6f6f0478-61dd-45c2-a093-13041b9a40f9,sad
66cc6ebf-850d-4ec1-a10e-7ab9db9dae03,psychedelic
6784097b-1dbd-4a4f-8525-e5dbf3406ca8,sad
c996dd3b-f319-4b83-b58c-2d3ff7225459,love
c33adc13-b3ed-4cd2-a90e-6da16c89a9dd,love
c51d6faa-4f04-420d-aa79-f06b3efc5c6d,psychedelic
c6459e30-d7cb-4586-bf65-cabd64d6a1da,psychedelic
c3ef0f1e-e552-4234-8d06-d5611832d179,love
6a0c40f6-0b97-4bb8-8388-77e97f5bb264,love
c9c8ce79-2755-49f8-9f83-e4a4947b6a74,love
c46f0b9b-3721-49fa-be73-7da4be00d44b,love
c64b6757-a37a-442f-932d-e81a77e413f5,love
cea9b0b9-8ba1-4a59-93c6-3a4df2ddd1b2,love
cd4db99c-e5a1-4294-8cf7-6cd4ba796dcb,psychedelic
60ae02c4-8d2f-42ef-8a70-8ae1975b8cb2,sad
69970f76-73ae-4a95-a75e-047c956e23ce,mellow
c886326d-c1cf-47c3-a273-4a2e4698d0d3,sad
c16bd013-774c-4edd-99a6-70996c92ae8e,psychedelic
c49b0afa-f7a8-4dbe-8d42-f6dab02af59e,mellow
67b13977-4029-4777-854b-6ccd833362bb,sad
c900fb71-2672-45fe-81ef-d1b02330a292,psychedelic
64211acf-c5a7-4185-90cc-200ce61f967e,mellow
667b5262-b29b-495b-b8b9-c03954626654,sad
c6333a5c-394c-4c78-a157-606225fbd960,psychedelic
6d66f31c-0d5f-4542-8e0c-fc28365ab7b1,psychedelic
c1b7be0a-656c-4628-9dfe-1e1725d7f11c,mellow
c5ea4c1e-6ba5-4524-9c4a-cedf3695a87e,psychedelic
c3510964-1900-499c-a470-ac12481b8105,psychedelic
653fd20f-b25b-43d8-b76e-20b3f023b908,psychedelic
6b4f7c9a-d77f-46f0-93a3-a4ed51e840ed,love
64af64bb-cafd-4141-a9db-ced9c222cb2e,sad
cc300a11-031a-4c9b-9bfa-1060c2c830c4,love
617bd6d0-3672-4ff1-a2ea-e7b046d2ed85,sad
cc2b6009-b5c3-400b-b9dd-3692092aee0e,sad
c571e5f3-dd00-47cf-98ed-e5006de94bca,mellow
cb939be1-5a48-464b-b342-7d42cbdbd87b,sad
caed31c7-c2b4-4aa2-bcdc-3b99caedf1ac,sad
c8483163-e1b7-4b42-9ac3-99dcb64588af,love
c3845814-177d-4fdd-a7c1-df3db6c7e79f,mellow
c3f87124-3212-44a1-a267-0538ea8db509,mellow
c417abe0-900e-4bb0-b35c-f19313b8ca1f,mellow
cd9f85f1-d18d-4b01-824b-135316d425b1,mellow
c5998fbe-e09d-4468-b6e9-113b1e88d585,love
644d57a7-ff67-40a5-ace8-89963c57e0cb,love
6e5cab02-c1ce-4f5a-9287-1acbc28cc317,psychedelic
caacae5a-616b-4a74-91b2-89932131e408,love
c37116aa-574e-458d-b8b5-b6bc6a659102,love
cd685c20-fc58-4e09-93c3-cb7e98b85da4,sad
ceab86df-39dd-4a66-bbec-d43c3145634d,love
c1fc37ca-f7b4-4beb-9d5e-9a659a82cc46,sad
cb2db1d5-f763-41df-975b-f3609f4a2076,love
c73c25f8-72d5-4ae3-a010-ee30911a199b,mellow
6efd38e8-60b7-4d2a-9f0d-5bf089dd48a2,mellow
c667fada-3209-4244-8454-2f296e238d93,mellow
c15b56a8-72b5-4664-b97a-74333db02ead,mellow
c67397c8-9039-450e-bed4-1b70de5d45ee,psychedelic
c6f96c16-67b2-46e3-93f0-491854f4b78a,psychedelic
c5584efb-6572-4176-a726-8540608e3eeb,mellow
6ce6b6f1-373f-44c4-a25e-22095377b642,love
c0ed0a3f-4daf-469d-955b-bf9882a70565,mellow
cbb0b170-8d5d-4041-80dd-7aabd30b0530,sad
ca83f372-fbaa-491a-8c04-082177445613,love
cc002336-f08b-4b35-94f3-3aa66dbf428b,sad
6315e1aa-9c24-46c1-9764-2d6fbe5c55c5,mellow
ccaf1920-1eca-4ed9-abfe-6b59e3660ede,sad
ca192bc6-61fb-4a1b-855c-098e1676a62a,love
68b0df7c-c642-4889-83e6-9c9e462a46c6,love
c0cacbda-514c-4b79-9108-6b210b0dbc02,love
69fd72d3-deda-4b38-b048-0e8a50ccf0c0,mellow
cdf74939-17bb-45b9-98c0-1cee6e1ef1d8,love
ca475cb7-3f46-4a6a-9778-6fcc4979120e,love
6976b82d-448e-43e6-bb57-854db37aedf5,mellow
c1c59508-38d8-4f2e-89d6-83c15dd6b33c,mellow
c474930a-f1b9-4031-b936-ac88725a2232,sad
c5740bcf-d79f-46e3-8a47-627b0d7986af,sad
c20b6222-6a9a-4ba3-bbdc-e76baaddc2a1,psychedelic
c96e6372-2b93-4dc3-9709-a6a6cef6b707,love
c1ded05b-9792-4bb2-9a54-c8e8255a736e,love
ccecf785-5fb8-4636-a4d3-0a3deadf2e79,love
67db8b42-8c3b-42b5-add9-f243be1c5aac,love
c5139e86-d6ac-4f9d-9337-0b3948846dd8,mellow
c86eeab6-d189-4639-a658-047cc78ca63b,sad
66645dfd-d023-4258-9a6a-e73fefb5a8cc,love
c47bbaff-c032-4129-abfe-6731d46f1862,psychedelic
c4abed93-a224-4057-87bd-5b0b9f49050d,mellow
c1f5c41a-ff64-4677-9897-f66807895990,love
c42da17a-6275-4a7f-86ab-024633cb714e,psychedelic
ce32ac01-cdf6-4e18-8173-2059af12ef29,sad
6b1073e0-3919-4614-a35e-5d2653f082ba,psychedelic
cfc2fb95-2fc0-4129-acf3-5a5dfb9bceef,love
6d694837-e505-4b88-9991-0a9e53ef36c8,love
c8aea8fe-65bc-451a-b8af-874ca762b5dc,sad
c07b330c-b6bd-47fd-8140-73af3b21c249,psychedelic
6510f898-7588-4154-907b-de36175f0926,love
cb167224-2465-42e3-b556-1474121456d6,love
c9800722-f8a1-48bf-97cf-c29f54fe2b18,sad
6b3a637a-45a8-4005-a986-fb8ca6527556,psychedelic
cac12e67-2cb4-4f74-9a18-02936864cecf,love
c9c9acf0-cf08-4cf5-910c-5674738f3887,mellow
cb637ecf-6671-4727-9cbe-11f99884fa48,psychedelic
6355125e-5e31-4348-9c52-387dd69f0da6,psychedelic
c7f754ef-b52a-49d8-a843-4da5bb9c1233,mellow
ceab8de1-c403-43b6-8cba-7affb3d4fcd8,psychedelic
cf856c8b-5e9a-4727-8f09-9aff74159c95,mellow
66797077-8367-43b7-befd-22f940b69354,love
60fb17b9-650c-43d4-87f6-1d4c9876f98c,love
ceb29d1b-804b-4588-a566-2aa091ff51e5,love
66bdb15d-ef12-49ed-9494-c3f9cf9391fb,mellow
697e5314-6601-43c9-8c8a-318b9e203bfb,mellow
ca3d2642-a4aa-4cdd-9235-82046b6b3ca5,love
ccbc8030-b52c-4e3c-8fed-f5875c830e96,love
64dee0c1-9a5f-4147-a4c8-6237570d6db5,love
c1dcf1af-65b8-4d77-ab64-c6418cf91d56,love
c29dc6d8-1867-433b-8aa1-19335cbaa263,love
cf6ca501-53aa-45ab-bd06-522d3071f6d7,psychedelic
63290f0b-45d9-415f-a9ad-00c6a8a682b1,love
c69bc3fb-d366-4310-b529-bd28dea7ba7b,love
c13cce4c-89ec-4641-92ef-5c12f6910f49,love
6ba738e0-27ff-4245-b99a-af1a11192f13,love
c96829e6-2685-4f10-aced-0370b52645ac,psychedelic
6a88bd5c-638e-4e8f-acd0-5ca895c10613,psychedelic
66652200-a66b-450e-aee2-f8e6ed3a3ff9,mellow
6da72adb-8df0-4d0c-a13d-16905981e67a,psychedelic
c2db177e-44b6-4513-be78-7ee95c530a72,sad
c709148b-b508-4c0e-a0f5-f57ab5af72e9,sad
6bbde8ca-a0c3-4914-afc8-ade820f2ee6f,sad
c4be35bb-3eff-44fd-a61e-4fd9bec1d270,love
c71b791a-aedb-40d7-ab63-928e67da89e9,love
6d35d7f3-126e-4f2d-8230-c8920e3d7cda,psychedelic
c473dd7d-fbfc-45b6-92ab-358c3cd56b3c,psychedelic
ce5d55cb-4f4d-413c-9b4e-afabb1b239f6,mellow
c72da0c7-47f8-4e6a-9360-d75eff1821be,love
c9b18d47-29cf-4b58-976a-83b38b8461de,mellow
c66ca703-ffa9-44d5-b264-243a0bd59a20,mellow
c9dcd11c-e5f9-48f9-9ec8-faa775270f48,mellow
cff49985-9411-4362-92d2-8d38152933b7,sad
c3225dbc-7a73-477a-bbed-4de1b410d028,love
690d3d65-6e66-4a59-a1e3-76e3aa3ee621,love
68c64b20-3c1a-4225-8ae6-6893403e841e,love
c711addb-d2e7-4ec8-af47-4557d7b23653,psychedelic
6c503377-f97f-43db-94fd-20125bbeb167,mellow
c662d440-9f35-44cd-9590-af7bca986abb,love
cac44a45-1bae-4f0c-8a08-4f4d8d05ae0d,love
cb89e689-eeeb-4283-a56e-40fee02ffbad,mellow
61ef88b2-d5c9-4eb7-a973-62b2d8239b33,mellow
6116b872-8ee5-4f22-b8b1-d6197d278567,sad
c55b2151-ef21-4b45-8881-3be916abd106,psychedelic
6c8341c6-a727-46ce-b3f9-6766fe02812c,psychedelic
cb1d46a1-ec03-471d-b412-0cae71c080bc,love
c18f6fc5-c58a-47b6-8f08-156e09ab597f,love
c9a56bde-6abf-4ac6-9840-95243c46cef9,love
c8b9d522-4a1b-47f1-a1fc-e4a8a1a42bd3,psychedelic
6fca4bc0-1774-4c10-b8b3-b213a8837072,love
c0d4cb34-204f-4f73-9085-117ac82e03ee,mellow
c959a04f-ae98-4aba-ad43-05a5e2ad0f2f,love
6eb6c6b3-a793-4620-9517-04b52fef955f,love
6b13d553-d1c1-4f17-8624-b66c5b0adfc4,mellow
67d7b8c2-ee44-4ef3-880d-90acb51db98f,mellow
6564903c-7575-4c38-808a-8d8669257049,mellow
684af28e-a35e-4a15-ab53-e39928bd34ee,psychedelic
c76b4781-456b-4ea5-ba1b-be753ef71e7a,mellow
cc0d5be5-53d8-4106-96c7-a8551ef9752f,mellow
64fa39b8-7e6f-4a63-a400-5981cda46dc9,love
64919d23-dcce-44d4-a656-bc8633a2feca,sad
6a2fd5ee-8797-4a74-80ac-4114c0cd0817,sad
ce743a9c-b8ae-4ec2-8b4c-70e3c8e06bb7,love
62492d2c-83c2-40ae-b788-263d018a5c73,sad
65d9b23f-2275-41fd-a38d-e92f892e9636,love
cd708d6b-c98d-45b1-bcf1-e8624e698e8b,mellow
ca420b11-d4d7-405b-ba26-903dfa3c9b1e,love
ce2d05aa-34f3-451e-9946-a78473989a6b,love
6d8ab200-fa01-4787-8982-384e810f8237,love
c24451ea-b70d-46b9-99fb-93e43ffdf4fa,psychedelic
cec0f9e4-c77f-43f3-99d3-1d28210ed6a2,psychedelic
649a3ffb-9247-4fc3-828b-7b552424e05e,love
c3d6b219-3bcb-4014-9f57-55cf077d0f5e,love
c395f430-c049-44ad-99d0-07e3c50ecc7a,psychedelic
61eafc08-ddb8-4c86-8066-659c165fc18e,love
6e14c8fc-fbb2-468b-bda5-25802a9c6396,mellow
ceb15bfd-96e6-49cd-b2f6-397267774acc,love
6d24c972-b054-456b-8698-f2d52f04b469,love
63f8101f-0657-4bd5-8612-d04a33e6d627,mellow
cc7f7f7a-cd8b-46d5-ba6e-fd3ba095ee34,mellow
ccc9fd5f-d4f5-4f0c-9163-d202dd8f0884,love
ce8bafa4-85c8-404c-b2d1-06efc07ad886,love
cf962e23-29ef-4143-8590-82b8849f4910,psychedelic
c8b17291-609d-4b07-b0a4-1330d9c5a303,sad
c1514f17-19e1-436c-bff3-d728fb2c5a61,sad
6687440f-34a5-4109-8222-868a6f0cf5d6,love
ca2faf0a-3d0c-4dd3-bcfb-aec09f458a89,love
68538f2a-9f40-4ef0-9a92-7f6cf36bf3ce,mellow
6850892f-9e6c-454c-a0ac-7fef016780c9,love
c11f8b75-5fd0-44aa-b90a-3f2dc9b4aeeb,psychedelic
c38b1403-e195-4242-9457-81a25efab43d,psychedelic
